,frequency
that,647
thou,387
with,380
which,303
from,283
then,233
when,210
this,202
said,179
there,176
were,173
their,171
they,164
thee,151
them,142
here,119
have,116
other,114
down,110
what,109
where,103
such,103
thus,99
upon,90
those,90
through,89
more,85
still,82
teacher,73
these,72
each,72
turned,71
made,71
than,70
eyes,69
great,69
like,65
both,64
leader,62
will,60
while,59
come,58
first,56
place,56
people,56
face,55
toward,55
because,55
would,54
even,54
little,53
whom,53
into,52
before,52
world,52
been,51
tell,50
again,49
know,49
words,49
well,48
side,47
back,46
came,46
hence,44
left,43
feet,43
circle,42
dost,42
since,41
head,40
though,40
make,39
after,39
every,39
whose,39
round,38
once,37
began,36
shall,36
speak,36
around,36
long,36
behind,36
himself,36
trench,36
time,36
away,35
inferno,35
another,35
yonder,34
many,34
mine,34
pain,33
therefore,33
thereat,33
heard,33
much,33
cried,33
already,33
along,33
must,32
only,32
should,32
replied,32
soul,31
fear,31
could,31
just,30
thine,30
further,30
bank,30
within,30
seemed,29
without,29
doth,29
good,28
against,28
some,28
your,28
hath,27
among,27
together,27
went,27
over,27
others,27
wholly,27
hear,26
life,26
above,26
moved,26
beheld,26
rest,26
three,26
right,26
love,25
path,25
never,25
look,24
death,24
things,24
fire,24
water,24
times,23
myself,23
seen,23
about,23
town,23
forth,23
took,23
thought,23
perceived,22
high,22
bottom,22
heart,22
speech,22
think,22
wont,21
dark,21
alone,21
reached,21
ever,21
give,20
spirits,20
rock,20
take,20
going,20
mind,20
makes,20
looks,20
hands,20
thereupon,19
itself,19
near,19
turn,19
crag,19
held,19
between,19
hair,19
shalt,19
dead,19
fraud,19
ring,19
behold,19
hard,19
next,19
less,19
name,19
flame,19
blood,19
heaven,19
below,19
nature,18
none,18
tears,18
whence,18
evil,18
very,18
ground,18
hast,18
gave,18
beneath,18
body,18
unto,17
drew,17
light,17
land,17
looked,17
full,17
edge,17
called,17
fell,17
eighth,17
hand,17
wild,17
hell,17
caused,16
seems,16
coming,16
soon,16
stretched,16
neath,16
lost,16
sight,16
stream,16
perhaps,16
born,16
foot,16
kept,16
answered,16
descend,16
breast,16
bridge,16
canst,15
mouth,15
course,15
ditch,15
hold,15
wretched,15
return,15
goes,15
raised,15
road,15
beast,15
arms,15
tongue,15
wind,15
became,15
cause,15
power,15
seeing,15
spirit,15
woeful,15
steps,15
greater,15
shades,14
father,14
last,14
lord,14
having,14
eternal,14
themselves,14
second,14
alive,14
souls,14
given,14
keep,14
teeth,14
wings,14
wood,14
appeared,14
poet,14
truth,14
found,14
sweet,13
wouldst,13
across,13
most,13
lies,13
pitch,13
earth,13
voice,13
till,13
weary,13
mighty,13
shade,13
gone,13
under,13
neck,13
whether,13
show,13
reason,13
stopped,13
needs,13
seem,13
faces,12
answer,12
gloomy,12
pray,12
broken,12
close,12
third,12
wherewith,12
surely,12
short,12
whereat,12
didst,12
save,12
might,12
folk,12
human,12
shoulders,12
fortune,12
spoke,12
hope,12
intent,12
latter,12
talk,12
cold,12
cruel,12
desire,11
anger,11
therein,11
thence,11
nothing,11
become,11
move,11
front,11
sand,11
takes,11
stay,11
lovely,11
leave,11
plain,11
mountain,11
fame,11
divine,11
tail,11
shame,11
pass,11
being,11
weeping,11
knew,11
thousand,11
deep,11
seventh,11
middle,11
until,11
felt,11
legs,11
form,11
seed,11
afterward,11
true,11
thyself,11
foul,11
king,10
find,10
herself,10
help,10
used,10
lest,10
wished,10
lead,10
ears,10
bear,10
sound,10
cannot,10
boiling,10
lofty,10
issued,10
likewise,10
opened,10
asked,10
afraid,10
vain,10
stood,10
changed,10
believe,10
heed,10
passed,10
violence,10
single,10
seest,10
flames,10
walls,10
heads,10
burned,10
fall,10
black,10
shore,10
joined,9
leaves,9
bring,9
living,9
means,9
white,9
seized,9
entered,9
else,9
closed,9
ahead,9
sinner,9
memory,9
limbs,9
somewhat,9
looking,9
fault,9
strong,9
abyss,9
unless,9
grief,9
heavy,9
either,9
small,9
pierced,9
stand,9
advance,9
wide,9
wherefore,9
lying,9
fair,9
neither,9
hundred,9
green,9
follow,9
honor,9
gate,9
showed,9
dismal,9
saying,9
ancient,9
master,9
thoughts,9
enough,9
rain,8
justice,8
wall,8
glad,8
force,8
willed,8
recall,8
wast,8
turns,8
rose,8
enter,8
deprived,8
remember,8
downward,8
summit,8
narrow,8
beyond,8
word,8
sudden,8
shown,8
sixth,8
company,8
sides,8
fallen,8
night,8
departed,8
same,8
naked,8
years,8
doing,8
alas,8
stone,8
passing,8
slope,8
thereby,8
ceased,8
arch,8
wrath,8
thing,8
praise,8
done,8
silent,8
mayst,8
thrust,8
fifth,8
part,8
pity,8
longer,8
escape,8
account,8
quickly,8
following,8
color,7
hadst,7
fast,7
making,7
ready,7
burning,7
giving,7
break,7
eager,7
certainly,7
weep,7
rocks,7
brows,7
upward,7
race,7
presence,7
moving,7
whole,7
shape,7
ought,7
standing,7
slow,7
blind,7
reach,7
escort,7
cheeks,7
serpent,7
forms,7
indeed,7
placed,7
torment,7
bound,7
sighs,7
descended,7
holds,7
trembling,7
least,7
sake,7
wish,7
sorely,7
reply,7
food,7
smote,7
returned,7
fourth,7
point,7
also,7
vengeance,7
boat,7
breath,7
fixed,7
ridge,7
belly,7
order,7
feel,7
claws,7
poor,7
cocytus,7
step,7
understood,7
gainst,7
filthy,7
colored,7
bodies,7
wisdom,7
comes,7
lady,7
wounds,7
self,7
painful,7
avail,7
waves,6
turning,6
minos,6
meanwhile,6
blest,6
otherwise,6
uttered,6
loss,6
present,6
pride,6
greatly,6
whene,6
backs,6
peter,6
anguish,6
frightful,6
gazing,6
brought,6
chest,6
country,6
fiercely,6
weight,6
request,6
pointed,6
chosen,6
moon,6
tower,6
hidden,6
flight,6
heat,6
chin,6
pleased,6
women,6
late,6
whate,6
city,6
mates,6
known,6
beasts,6
spread,6
half,6
kindly,6
sinners,6
skin,6
daring,6
punishment,6
reader,6
foolish,6
filled,6
wherein,6
journey,6
midst,6
tongues,6
outside,6
hooks,6
virgil,6
remained,6
pushed,6
theirs,6
told,6
virtue,6
marsh,6
moment,6
trenches,6
wounded,6
blows,6
fruit,6
whereby,6
circles,6
nails,6
sympathy,6
different,6
thebes,6
kind,6
demon,6
often,6
valley,6
knowledge,6
whither,6
gaze,6
climbed,6
wept,6
trust,6
although,6
frozen,6
person,6
therewith,6
live,6
clear,6
gazed,6
remain,6
please,6
tomb,6
trunk,6
erect,6
seven,6
quenched,6
died,6
days,6
speaking,6
need,6
snakes,6
arrow,5
hole,5
hide,5
sons,5
coin,5
crossed,5
talking,5
hardly,5
wealth,5
lake,5
banks,5
soil,5
guilt,5
always,5
ravine,5
cloven,5
cross,5
thinking,5
tuscan,5
former,5
animals,5
wheel,5
guide,5
lived,5
leads,5
strange,5
shed,5
chance,5
ninth,5
money,5
clearly,5
florence,5
nearer,5
stands,5
horrid,5
intellect,5
stars,5
uncovered,5
guido,5
sins,5
strike,5
inside,5
finger,5
thinkest,5
fate,5
fitting,5
fain,5
slowly,5
seat,5
fever,5
accursèd,5
devil,5
center,5
sage,5
care,5
flows,5
descends,5
rings,5
gentle,5
noise,5
surface,5
shouldst,5
bent,5
nose,5
meet,5
passage,5
signs,5
doubt,5
broke,5
disdain,5
uncouth,5
twisted,5
beautiful,5
holy,5
stench,5
treachery,5
deeds,5
sire,5
flesh,5
torments,5
falls,5
fierce,5
risen,5
better,5
tree,5
sleep,5
hostile,5
happy,5
according,5
news,5
thereto,5
free,5
attain,5
suffering,5
opening,5
bowed,5
latin,5
concealed,5
open,5
experience,5
paunch,5
withdraw,5
shattered,5
wilt,5
faith,5
troop,5
rage,5
approach,5
lands,5
gold,5
smoke,5
arno,5
common,5
saint,5
dense,5
breaks,5
giants,5
five,5
noble,5
blame,5
scorn,5
vexed,5
reveal,5
bathes,4
deceived,4
worse,4
bones,4
hemisphere,4
tear,4
overcame,4
barbariccia,4
fraudulent,4
brook,4
mean,4
believed,4
change,4
slopes,4
hearing,4
worth,4
torture,4
followed,4
drives,4
brings,4
comfort,4
troubled,4
mist,4
whoever,4
search,4
formed,4
cord,4
styx,4
angry,4
storm,4
taking,4
climb,4
iron,4
future,4
final,4
dread,4
tender,4
wrong,4
seizes,4
peace,4
length,4
fashion,4
nest,4
gladly,4
thighs,4
names,4
lips,4
achilles,4
ashes,4
ruined,4
wife,4
wrought,4
wound,4
aright,4
stairs,4
speaks,4
muzzle,4
party,4
sitting,4
weights,4
yielded,4
crossing,4
heeded,4
perchance,4
battle,4
safe,4
traitor,4
rough,4
dogs,4
forced,4
minds,4
lowest,4
beard,4
cerberus,4
beside,4
members,4
rained,4
ones,4
vice,4
sails,4
paws,4
vale,4
pleasure,4
intemperance,4
gives,4
however,4
native,4
bold,4
bitter,4
prow,4
delay,4
shortly,4
companions,4
taken,4
grass,4
count,4
ship,4
gathered,4
wicked,4
four,4
returns,4
haste,4
wins,4
appears,4
image,4
shouting,4
dance,4
borne,4
spans,4
blast,4
universe,4
issue,4
ended,4
malicious,4
equipped,4
state,4
bounds,4
wishes,4
tombs,4
keeping,4
region,4
struck,4
charge,4
comest,4
hurled,4
followers,4
opposed,4
remove,4
neighbor,4
bathed,4
lower,4
grant,4
spoken,4
perceive,4
judge,4
robbed,4
mount,4
best,4
rome,4
whatever,4
girt,4
year,4
weak,4
vent,4
greedy,4
courteous,4
stayed,4
pistoia,4
backward,4
laden,4
received,4
strength,4
waters,4
freed,4
trouble,4
tormented,4
star,4
matter,4
begged,4
lives,4
troy,4
envy,4
grieved,4
aught,4
keys,4
centaur,4
prayer,4
servant,4
direction,4
lion,4
swiftly,4
descent,4
receive,4
springs,4
nether,4
aside,4
verses,4
hurry,4
feared,4
herewith,4
false,4
band,4
silence,4
tween,4
herd,4
consider,4
swift,4
tied,4
hook,4
profit,4
hither,4
fellow,4
infamy,4
mother,4
stern,4
severed,4
greatest,4
loud,4
cast,4
thereafter,4
reverence,4
running,4
grappling,4
chiron,4
summer,4
cries,4
rules,4
carried,4
rising,4
torn,4
work,4
wise,4
arrive,4
sees,4
horn,4
trojans,4
famous,4
silver,4
winter,4
aware,4
worthy,4
bird,4
wretches,4
vessel,4
abandoned,4
falsely,4
apart,4
blessèd,4
naught,4
swamp,4
addressed,4
nude,4
cowardice,4
created,4
pursue,4
highest,4
glory,4
season,3
boiled,3
hides,3
embankments,3
numerous,3
everything,3
boast,3
judgment,3
elsewhere,3
dealt,3
vision,3
fought,3
hinder,3
drawing,3
blew,3
follows,3
nape,3
leaned,3
dusky,3
outer,3
mixed,3
deed,3
stops,3
ladies,3
malebolgë,3
onward,3
moves,3
havoc,3
linger,3
disposed,3
hour,3
gently,3
satisfied,3
thither,3
arrogant,3
piteous,3
towers,3
nessus,3
enjoy,3
base,3
carries,3
lays,3
emperor,3
cloud,3
avoid,3
warned,3
paid,3
tortured,3
lids,3
gnaw,3
shepherd,3
swollen,3
pains,3
acheron,3
freely,3
friars,3
harm,3
stirs,3
waited,3
board,3
claw,3
gathering,3
offends,3
proved,3
certain,3
penalty,3
rightly,3
limb,3
fangs,3
twig,3
worm,3
smitten,3
shelter,3
hurt,3
firmly,3
judas,3
honored,3
twigs,3
throats,3
barking,3
shining,3
snow,3
closes,3
coarse,3
suddenly,3
refuse,3
field,3
cursèd,3
poison,3
case,3
grade,3
sharp,3
shook,3
pouch,3
goats,3
throat,3
citizens,3
rise,3
draws,3
aeneas,3
embrace,3
call,3
holding,3
causes,3
heresy,3
owned,3
victory,3
tired,3
gain,3
therefor,3
changes,3
muzzles,3
excepting,3
flees,3
scales,3
flies,3
enterprise,3
overweening,3
notes,3
serpents,3
horned,3
dust,3
natural,3
stubborn,3
briefly,3
hunger,3
injury,3
appear,3
returning,3
geryon,3
dropped,3
moat,3
courtesy,3
sits,3
alexander,3
wait,3
ours,3
showest,3
advancing,3
burn,3
veil,3
maketh,3
perfect,3
creature,3
grieves,3
falling,3
burdened,3
stop,3
thereof,3
necks,3
checked,3
eternity,3
lonely,3
temples,3
growing,3
scourge,3
kissed,3
devils,3
longed,3
read,3
grafter,3
kingdom,3
raising,3
trumpet,3
reading,3
drowned,3
lust,3
weepeth,3
knows,3
misery,3
wolf,3
grows,3
sayest,3
cooked,3
pleases,3
excuse,3
begins,3
beginning,3
weeps,3
destroyed,3
talked,3
caught,3
male,3
lowered,3
action,3
glass,3
soles,3
knowing,3
protruded,3
phlegethon,3
loathsome,3
steady,3
plied,3
enemies,3
quiver,3
bush,3
withdrew,3
large,3
whereon,3
touch,3
delayed,3
sign,3
sense,3
newly,3
sped,3
divides,3
frederick,3
removed,3
perplexed,3
circling,3
awhile,3
brethren,3
lucifer,3
listens,3
contempt,3
traitors,3
cave,3
knot,3
watched,3
horse,3
repose,3
hercules,3
understand,3
gods,3
line,3
sword,3
support,3
dwelling,3
eternally,3
approaching,3
horrible,3
morning,3
phlegyas,3
hereafter,3
benàco,3
advanced,3
bitten,3
locks,3
collects,3
beats,3
quite,3
screen,3
french,3
hangs,3
thunder,3
ways,3
displeased,3
brunetto,3
several,3
sullen,3
forbidden,3
vermilion,3
thick,3
stained,3
adam,3
brow,3
evening,3
muddy,3
recalling,3
poets,3
whoe,3
stuck,3
urge,3
sorrow,3
leaning,3
river,3
witness,3
bears,3
answering,3
shouted,3
gateway,3
persons,3
hinders,3
note,3
fellows,3
questions,3
carry,3
everlasting,3
charon,3
boatman,3
wrathful,3
sticky,3
snake,3
wheels,3
livid,3
pale,3
beat,3
flanks,3
aloud,3
noticed,3
immediately,3
extends,3
hairy,3
floor,3
blow,3
bewails,3
slightly,3
arrived,3
antaeus,3
throng,3
group,3
scattered,3
seated,3
wails,3
spent,3
loins,3
breasts,3
waiting,3
drove,3
completely,3
mass,3
parts,3
revealed,3
voices,3
smiting,3
thieves,3
friar,3
youthful,3
attained,3
manifest,3
lift,3
adown,3
dies,3
frog,3
goodness,3
planted,3
senses,3
conscience,3
siena,3
disgusting,3
furious,3
wretch,3
leadeth,3
hung,3
mirror,3
headlong,3
covered,3
girds,3
fresh,3
entrance,3
gates,3
feeling,3
lament,3
cloaks,3
falsifiers,3
castle,3
boar,3
named,3
whereof,3
verse,3
amid,3
brief,3
kings,3
availed,3
embankment,3
heavens,3
begone,3
armed,3
opposite,3
taught,3
previous,3
caesar,3
earliest,3
depths,3
tenth,2
fore,2
mire,2
evermore,2
await,2
whenever,2
awry,2
eyebrows,2
rent,2
disappeared,2
mournful,2
dismayed,2
confused,2
denied,2
utter,2
belonged,2
strips,2
maremma,2
proceed,2
baptist,2
hurls,2
grain,2
marshy,2
performed,2
walking,2
hanging,2
trunks,2
haughty,2
entirely,2
approaches,2
bearing,2
adorns,2
deserving,2
motion,2
bolt,2
retrace,2
hollow,2
inflamed,2
feeding,2
except,2
drips,2
hissing,2
wary,2
miles,2
places,2
thanks,2
flakes,2
bred,2
florentine,2
metals,2
easily,2
glorious,2
bright,2
wail,2
cuts,2
split,2
propose,2
fled,2
regret,2
buoso,2
keeps,2
brain,2
issuing,2
deceit,2
smoking,2
swarthy,2
render,2
progress,2
member,2
unbroken,2
changing,2
swear,2
cloak,2
indignant,2
dear,2
thorn,2
continuing,2
alps,2
pregnant,2
tore,2
conceals,2
crouched,2
straw,2
trample,2
marvel,2
eyesight,2
feelings,2
plucked,2
plant,2
fleet,2
rend,2
conceal,2
bowstring,2
shot,2
bitches,2
embraced,2
leaving,2
shepherds,2
allowed,2
knowest,2
punishments,2
counterfeit,2
sister,2
perfectly,2
drawn,2
wickedness,2
collected,2
pitiless,2
romans,2
peasant,2
church,2
inward,2
sighing,2
sprung,2
defend,2
thigh,2
crete,2
advice,2
yield,2
earthquake,2
mute,2
laments,2
pole,2
figs,2
attention,2
bull,2
repent,2
prison,2
brass,2
sepulchers,2
wends,2
impious,2
fully,2
rank,2
boils,2
prey,2
asking,2
locked,2
giveth,2
bonds,2
baked,2
brothers,2
load,2
unwonted,2
heap,2
closer,2
reward,2
girdle,2
ancestors,2
transfixed,2
write,2
driven,2
learned,2
ocean,2
sheep,2
counselors,2
fièsolë,2
oneself,2
prepared,2
romagna,2
coil,2
receives,2
insane,2
incontinence,2
joyful,2
treats,2
shields,2
ercovers,2
henceforth,2
mark,2
girded,2
trusting,2
punished,2
employ,2
trusts,2
flatteries,2
exclaimed,2
twixt,2
theft,2
simony,2
seizing,2
betrays,2
dared,2
hitherto,2
spoilers,2
obtain,2
lethe,2
pack,2
excess,2
fail,2
compensation,2
similar,2
wash,2
suffice,2
hate,2
rounded,2
something,2
sodomites,2
malice,2
whereas,2
modern,2
overcome,2
violent,2
suffered,2
travelled,2
property,2
loose,2
separate,2
troops,2
smite,2
believest,2
steep,2
informed,2
file,2
strife,2
mien,2
revenge,2
crucified,2
corneto,2
rinier,2
avenged,2
entwined,2
soft,2
attila,2
tormenting,2
tyranny,2
happened,2
wheeled,2
joins,2
ford,2
shallower,2
grasped,2
bosom,2
truly,2
punish,2
pharisees,2
condemned,2
bewildered,2
ruddy,2
furies,2
calling,2
exhales,2
differed,2
trees,2
wailings,2
scroll,2
addressing,2
bellies,2
oped,2
mars,2
attentive,2
abroad,2
harpies,2
ugly,2
language,2
proceeded,2
fasting,2
jove,2
catalàn,2
question,2
whereupon,2
tire,2
magic,2
footprints,2
thorns,2
safely,2
distant,2
carefully,2
brother,2
stress,2
touched,2
compared,2
hairless,2
footed,2
allotted,2
wasted,2
cares,2
lopped,2
assurance,2
fortress,2
servants,2
heaped,2
border,2
touches,2
francis,2
deserved,2
mistakes,2
liar,2
depart,2
heaps,2
afar,2
sort,2
buried,2
arrows,2
heretics,2
increased,2
dwells,2
burnt,2
crying,2
turbid,2
shores,2
passes,2
shudder,2
forest,2
binding,2
boughs,2
filth,2
tyrants,2
flee,2
direct,2
jews,2
natures,2
dull,2
sinful,2
mahomet,2
frogs,2
figure,2
directions,2
cloth,2
disdainful,2
singing,2
sandy,2
threshold,2
cliff,2
settled,2
child,2
draghignazzo,2
farfarello,2
graffiacane,2
ciriatto,2
borderland,2
increase,2
consciousness,2
libicocco,2
lure,2
terror,2
cagnazzo,2
calcabrina,2
roughly,2
forward,2
crowd,2
dishevelled,2
rubicante,2
verge,2
woes,2
lucca,2
emerged,2
lamentation,2
saving,2
devoid,2
threaten,2
apparent,2
sinned,2
excrement,2
worship,2
immersed,2
extent,2
wishing,2
gazes,2
signals,2
error,2
mingled,2
downcast,2
suffused,2
bread,2
peering,2
worms,2
leopard,2
exceeding,2
empty,2
fiend,2
skull,2
assured,2
foes,2
recognized,2
undone,2
fearing,2
rump,2
agèd,2
depraved,2
arts,2
darkness,2
holes,2
blaspheming,2
conception,2
later,2
fears,2
justly,2
supreme,2
ease,2
stripped,2
behooves,2
fleeing,2
sure,2
covert,2
infantry,2
sexual,2
perceives,2
confesses,2
commits,2
wailing,2
surrounds,2
contrive,2
demons,2
bolognese,2
heels,2
instantly,2
scourged,2
livy,2
ephialtes,2
lightning,2
stretch,2
width,2
deceive,2
ordained,2
fortresses,2
served,2
opposing,2
winds,2
infernal,2
appearance,2
smites,2
mouse,2
moans,2
remains,2
clasped,2
subject,2
flocks,2
tale,2
relieve,2
condition,2
grace,2
ovid,2
cometh,2
royal,2
jason,2
lean,2
loftiest,2
science,2
higher,2
honorable,2
saved,2
giant,2
grey,2
david,2
crusted,2
lucan,2
proclaimed,2
song,2
eagle,2
throughout,2
becoming,2
encircled,2
sages,2
meadow,2
serious,2
seldom,2
falcon,2
stoop,2
brutus,2
proof,2
pledge,2
quieted,2
safety,2
intently,2
sing,2
rocky,2
visible,2
herbs,2
branca,2
oria,2
ferocious,2
arduous,2
genius,2
wilderness,2
longs,2
beware,2
toil,2
tuft,2
continued,2
saidst,2
pace,2
outspread,2
shoulder,2
animal,2
follower,2
saddened,2
diviners,2
difficult,2
burden,2
crosses,2
lose,2
deem,2
purpose,2
tightly,2
aspect,2
gift,2
malebranche,2
conduct,2
beseech,2
constantine,2
lock,2
birth,2
corrupt,2
feed,2
politicians,2
proud,2
guilty,2
view,2
limed,2
criest,2
shedding,2
source,2
poureth,2
manner,2
authority,2
italy,2
maid,2
camilla,2
transformed,2
oars,2
drive,2
sent,2
augustus,2
shrieks,2
midway,2
fatherland,2
seville,2
ascend,2
parents,2
departure,2
obedient,2
wills,2
perforce,2
differ,2
allows,2
clothed,2
meaning,2
primal,2
maker,2
writhed,2
finds,2
cowards,2
gathers,2
prongs,2
verily,2
obey,2
cubs,2
children,2
secretly,2
chill,2
morn,2
dream,2
counsel,2
malacoda,2
faint,2
unsound,2
ugolino,2
forever,2
rather,2
whirlwind,2
horror,2
upper,2
angels,2
spotted,2
knowst,2
regain,2
envious,2
promise,2
repents,2
yourselves,2
mastif,2
descending,2
terrified,2
control,2
thief,2
bidding,2
smallest,2
beatrice,2
honors,2
assist,2
finished,2
friend,2
lasts,2
horns,2
angel,2
ample,2
inwardly,2
raging,2
mercy,2
affect,2
molest,2
doubled,2
whereto,2
fiends,2
lucìa,2
faithful,2
cruelty,2
rachel,2
loved,2
fights,2
cover,2
availeth,2
lesser,2
foully,2
forming,2
townsmen,2
conversation,2
discord,2
struggling,2
bloodshed,2
hawk,2
suns,2
gianni,2
sparks,2
hearts,2
greed,2
inspiring,2
teach,2
favor,2
scrape,2
tegghiàio,2
fork,2
twisting,2
mosca,2
learn,2
weighs,2
askance,2
companion,2
partly,2
plutus,2
falsified,2
capocchio,2
papè,2
burdens,2
ciacco,2
greek,2
helped,2
sinon,2
merely,2
nevermore,2
divided,2
sticking,2
wrote,2
gluttons,2
trick,2
utterly,2
wheresoe,2
measure,2
frequently,2
book,2
submerged,2
yellow,2
crave,2
palms,2
azure,2
thirst,2
causing,2
strain,2
fight,2
humor,2
dropsy,2
shaped,2
withdraws,2
speed,2
satàn,2
hypocrites,2
distress,2
prevent,2
swallow,2
scabs,2
guides,2
shines,2
equally,2
raise,2
listening,2
falsehood,2
dreams,2
goods,2
deal,2
resistance,2
governs,2
able,2
signal,2
foreseeing,2
government,2
sick,2
distance,2
necessity,2
coiled,2
happens,2
telling,2
sphere,2
caring,2
precipice,2
clothe,2
comedy,2
creatures,2
awake,2
nigh,2
colors,2
michael,2
painted,2
mast,2
unheard,2
toils,2
pleasing,2
rolling,2
keepest,2
alchemy,2
circled,2
refrain,2
talks,2
void,2
jest,2
eyed,2
bark,2
points,2
mountains,2
ledge,2
spoiled,2
recognize,2
swimming,2
wonder,2
shorn,2
lasting,2
root,2
solid,2
reads,2
hedge,2
threatening,2
lawful,2
started,2
rolled,2
soldan,2
fires,2
play,2
puts,2
worn,2
strongly,2
michel,2
flying,2
sardinia,2
swooned,2
zanche,2
olden,2
cain,2
knights,2
tookst,2
bethink,2
goest,2
game,2
purple,2
horses,2
rendered,2
pathway,2
outward,2
spindles,1
zita,1
gallura,1
santa,1
lacked,1
feigned,1
ornaments,1
serve,1
navarre,1
ancients,1
belovèd,1
alike,1
vestry,1
drums,1
announcement,1
despoils,1
clouds,1
imagine,1
spells,1
evilclaws,1
loaded,1
bristling,1
disturbed,1
rascal,1
subdued,1
rabbit,1
haunches,1
eurỳpylus,1
scoff,1
clutched,1
magra,1
neri,1
tragedy,1
scorned,1
slip,1
sinews,1
linked,1
shuttles,1
bonturo,1
adversaries,1
fable,1
tresses,1
cowls,1
smeared,1
sheltered,1
xxiii,1
embarassed,1
swims,1
easy,1
inhibition,1
hooking,1
nearest,1
scurries,1
serchio,1
aquarius,1
pulls,1
protrude,1
pricked,1
greece,1
cologne,1
belimed,1
thieve,1
knoweth,1
fashioned,1
pulled,1
unaccompanied,1
otter,1
tuscany,1
marvelling,1
fucci,1
vanni,1
stocked,1
leaded,1
needles,1
liked,1
becomes,1
rugged,1
mule,1
males,1
sank,1
aesop,1
loosed,1
xxiv,1
brawl,1
peel,1
noted,1
cradles,1
heaves,1
minor,1
getting,1
gomita,1
unlucky,1
severe,1
extricate,1
employed,1
cases,1
closest,1
decurion,1
voyages,1
paddles,1
club,1
fraudulently,1
ruins,1
hammers,1
travels,1
ribs,1
aventine,1
cacus,1
fashions,1
selvage,1
meets,1
cats,1
whomsoe,1
piled,1
mate,1
sets,1
chase,1
mill,1
knave,1
sluice,1
arsenal,1
clutching,1
twined,1
piece,1
venetians,1
rooted,1
clutch,1
calking,1
thrusting,1
ships,1
hind,1
plugs,1
overshot,1
aroused,1
plan,1
clings,1
sailed,1
wonderfully,1
instead,1
cianfa,1
malebòlgë,1
builds,1
harmed,1
imagined,1
tusk,1
cleave,1
clinched,1
coiling,1
fixedly,1
friends,1
lifted,1
providence,1
exceedingly,1
household,1
conclusion,1
bianco,1
unmanned,1
cordage,1
picene,1
delays,1
thibaut,1
enveloped,1
reflect,1
basely,1
cooks,1
rope,1
strides,1
actions,1
compressed,1
settling,1
images,1
swelling,1
wrongly,1
report,1
slopeth,1
plays,1
hemispheres,1
grapples,1
twists,1
pacified,1
dragon,1
vices,1
banishment,1
crupper,1
mends,1
mainsail,1
reckoning,1
bologna,1
graft,1
outlook,1
excell,1
practice,1
bubbles,1
posts,1
monks,1
scullions,1
tricky,1
leaveth,1
attaining,1
canopies,1
cushions,1
gardingo,1
jumping,1
chose,1
attains,1
navarrese,1
tusked,1
sport,1
dive,1
gallop,1
sloth,1
crazy,1
opposition,1
gets,1
arriving,1
lungs,1
exhausted,1
alichìn,1
birdlime,1
neighborhood,1
provender,1
usually,1
lacking,1
instrument,1
balance,1
arose,1
stairway,1
sink,1
outmeasure,1
yesterday,1
twelve,1
sixty,1
creak,1
associates,1
temper,1
loderingo,1
jovial,1
energy,1
ercome,1
sending,1
foam,1
purposed,1
thin,1
alichino,1
traces,1
chalcas,1
dens,1
notice,1
myrrh,1
gnash,1
acts,1
reviewed,1
ponders,1
surveyed,1
retreat,1
scouts,1
aretines,1
raids,1
protrudes,1
foreign,1
pinioned,1
plaster,1
dismay,1
beacon,1
tournaments,1
tilting,1
matches,1
trumpets,1
staff,1
lombards,1
gazest,1
whistle,1
bells,1
attack,1
tuscans,1
aulis,1
shorter,1
grinning,1
projects,1
abundance,1
slaps,1
frauds,1
devised,1
frightened,1
grin,1
xxii,1
expedient,1
advised,1
stricken,1
doors,1
cavalry,1
provost,1
meant,1
scarcely,1
camp,1
wore,1
stakes,1
start,1
sought,1
steeper,1
saints,1
hours,1
consort,1
frays,1
bonatti,1
phoenix,1
declared,1
fury,1
scuffle,1
rush,1
begs,1
warms,1
escaped,1
council,1
flew,1
displayed,1
does,1
southward,1
accord,1
assembling,1
deceits,1
written,1
wearies,1
plaint,1
flout,1
hindrances,1
crouch,1
hundredth,1
dazzle,1
bands,1
speedily,1
impossible,1
nard,1
separator,1
recovers,1
fitted,1
sparrow,1
gilded,1
plunge,1
leather,1
asdente,1
floating,1
stays,1
swaddling,1
meat,1
fighting,1
incense,1
grappled,1
ditches,1
amòmum,1
feeds,1
cauldron,1
unhelped,1
favoring,1
offices,1
cenchri,1
scot,1
àmphisbaenae,1
details,1
dives,1
frost,1
phàreae,1
crosswise,1
sparkles,1
duck,1
orange,1
thickness,1
artful,1
jàculi,1
chelỳdri,1
breed,1
nick,1
libya,1
scarmiglionë,1
freezes,1
weird,1
furnishes,1
incapable,1
stole,1
dolphins,1
petty,1
mong,1
owing,1
crouching,1
heliotrope,1
nights,1
measures,1
mariners,1
suffer,1
rate,1
bids,1
caprona,1
vicinity,1
ethiopia,1
swarm,1
angered,1
hoar,1
baffled,1
plagues,1
mental,1
warning,1
arching,1
logodoro,1
magical,1
shift,1
ants,1
browish,1
victors,1
possible,1
measureless,1
briareus,1
unbound,1
shake,1
ells,1
scipio,1
inherit,1
hannibal,1
lions,1
tìtyus,1
attempted,1
tìpheus,1
twist,1
untimely,1
pressure,1
bundle,1
carisenda,1
viewed,1
lightly,1
devours,1
xxxii,1
moveth,1
undertaking,1
reasoning,1
rafel,1
defence,1
pine,1
cone,1
proportion,1
apron,1
reaching,1
frisians,1
useless,1
thirty,1
buckles,1
amech,1
test,1
zabi,1
almi,1
sweeter,1
psalms,1
passion,1
confusion,1
accused,1
nimrod,1
crossbow,1
chain,1
relatives,1
rhymes,1
harsh,1
camiciòn,1
butted,1
bisenzio,1
albert,1
caìna,1
shadow,1
arthur,1
focaccia,1
blocks,1
sàssol,1
mascheroni,1
pazzi,1
hoarse,1
carlìn,1
doglike,1
ponds,1
objects,1
gravitate,1
walked,1
scolded,1
mont,1
aperti,1
savagely,1
mastering,1
clamp,1
gushed,1
moist,1
squeeze,1
juice,1
resolve,1
describe,1
says,1
mamma,1
amphion,1
build,1
facts,1
rabble,1
walkest,1
danube,1
austria,1
tambernich,1
pietrapana,1
cracked,1
croaking,1
gleaning,1
storks,1
provides,1
pressing,1
faculty,1
discreet,1
donati,1
reek,1
mile,1
family,1
persuaded,1
florins,1
carats,1
alloy,1
woman,1
charged,1
joseph,1
deceitful,1
aggrieved,1
inch,1
darkly,1
speaker,1
stiff,1
fist,1
drum,1
madest,1
questioned,1
falsify,1
perjurer,1
cracking,1
eleven,1
branda,1
subtly,1
brooks,1
lute,1
groin,1
forked,1
unmates,1
digested,1
correspond,1
hectic,1
chinward,1
desired,1
drop,1
casentino,1
fonte,1
clad,1
hills,1
channels,1
cool,1
drier,1
disease,1
rigid,1
scourging,1
romena,1
stamped,1
coiner,1
gapeth,1
thirsty,1
brink,1
army,1
roland,1
terrible,1
peerest,1
errest,1
conceiving,1
fact,1
navel,1
thinning,1
packs,1
enclosing,1
stuffs,1
montereggione,1
crowns,1
margin,1
towered,1
thunders,1
jupiter,1
distinguishing,1
executioners,1
elephants,1
whales,1
charlemagne,1
rout,1
counter,1
grateful,1
aching,1
lick,1
narcissus,1
careful,1
quarrelling,1
dreameth,1
dreaming,1
dreamt,1
impotent,1
unburden,1
sadness,1
wrangle,1
engaged,1
vulgar,1
xxxi,1
central,1
selfsame,1
supplied,1
medicine,1
required,1
lance,1
scoldest,1
antenora,1
wert,1
shrank,1
genoese,1
estranged,1
morality,1
meanest,1
xxxiv,1
benefactors,1
banners,1
breathed,1
windmill,1
structure,1
bends,1
kinsmen,1
stepped,1
fortitude,1
realm,1
compare,1
closely,1
blade,1
crest,1
valeward,1
nile,1
size,1
rudeness,1
stead,1
contrary,1
atropos,1
veils,1
fills,1
freeze,1
frate,1
alberigo,1
garden,1
date,1
fares,1
privilege,1
ptolomèa,1
glassy,1
clothes,1
betrayed,1
revolved,1
rushes,1
winters,1
shut,1
deceivest,1
eats,1
drinks,1
sleeps,1
dons,1
proportioned,1
huge,1
feathers,1
judecca,1
tierce,1
palace,1
hallway,1
lack,1
correct,1
ideas,1
upside,1
perforates,1
zenith,1
sinfulness,1
ladder,1
flapped,1
rushed,1
beelzebub,1
brooklet,1
gnawed,1
spiral,1
contains,1
printed,1
harvard,1
university,1
press,1
cautious,1
seating,1
panting,1
ascends,1
bloody,1
slaver,1
trickled,1
chins,1
heckle,1
crushing,1
biting,1
clawing,1
iscariot,1
plies,1
snout,1
writhes,1
utters,1
cassius,1
limbed,1
shaggy,1
matted,1
crusts,1
hips,1
tiring,1
effort,1
assigned,1
crust,1
raineth,1
wiped,1
eatest,1
express,1
rightfully,1
complain,1
quit,1
dried,1
xxxiii,1
guests,1
grim,1
meal,1
renew,1
huntsman,1
hopeless,1
likely,1
seeds,1
seemst,1
ruggieri,1
archbishop,1
outcome,1
wronged,1
slit,1
moulting,1
hatred,1
beastly,1
gnawing,1
spite,1
bother,1
flatter,1
pull,1
wrapped,1
shock,1
ails,1
bocca,1
jawbones,1
perfidious,1
duera,1
beccherìa,1
gorget,1
soldanier,1
ganellon,1
tebaldello,1
slept,1
unlocked,1
faenza,1
eaten,1
tydeus,1
menalippus,1
curtain,1
chasing,1
spot,1
brigata,1
groping,1
powerful,1
bone,1
pisa,1
reproach,1
dwell,1
neighbors,1
caprara,1
gorgona,1
towns,1
uguccione,1
wolfings,1
innocent,1
canto,1
enswathes,1
class,1
barrier,1
block,1
crystal,1
visors,1
fill,1
callous,1
gaddo,1
calmed,1
sadden,1
strip,1
pisans,1
beholding,1
trained,1
gualandi,1
sismondi,1
lanfranchi,1
methought,1
awoke,1
forebode,1
grievest,1
weepest,1
worried,1
door,1
nailed,1
anselm,1
lookest,1
aileth,1
dawned,1
beam,1
craved,1
pained,1
legal,1
stud,1
precedes,1
tiber,1
vague,1
sicilian,1
bellowed,1
bellow,1
vibration,1
address,1
lombard,1
romagnoles,1
urbino,1
peak,1
italian,1
xxvii,1
ravenna,1
polenta,1
broods,1
cervia,1
sanguinary,1
verrucchio,1
montagna,1
gimlet,1
cities,1
lamone,1
quiet,1
whirl,1
gaeta,1
sail,1
pious,1
bounden,1
cheered,1
penelope,1
eagerness,1
deserted,1
spain,1
morocco,1
island,1
sards,1
ceuta,1
happiness,1
perils,1
west,1
waking,1
stupid,1
manliness,1
voyage,1
veering,1
rekindled,1
loomed,1
rejoiced,1
santerno,1
lair,1
flank,1
leech,1
merchant,1
heeding,1
office,1
orders,1
leaner,1
soracte,1
bade,1
sylvester,1
heal,1
leprosy,1
cure,1
savio,1
drunkard,1
mistrust,1
absolve,1
palestrina,1
overthrow,1
unlock,1
predecessor,1
esteem,1
weighty,1
washest,1
acre,1
conquer,1
christian,1
saracens,1
harder,1
maintain,1
roared,1
inasmuch,1
fearless,1
cordelier,1
amends,1
confirmed,1
priest,1
befall,1
performances,1
practices,1
ends,1
noised,1
period,1
ropes,1
disliked,1
repenting,1
confessing,1
prince,1
lateran,1
fondness,1
circe,1
counterfeiting,1
thickened,1
armpits,1
lengthen,1
veiling,1
novel,1
hues,1
generated,1
excessive,1
undeveloped,1
retained,1
superfluous,1
suitably,1
clove,1
thrusts,1
snail,1
prompt,1
savage,1
spits,1
balast,1
interchange,1
novelty,1
blur,1
pùccio,1
juncture,1
blended,1
swaying,1
nourishment,1
paper,1
agnello,1
countenances,1
cancelled,1
appearing,1
flash,1
lizard,1
hedges,1
fiery,1
peppercorn,1
yawned,1
exchange,1
attacked,1
smoked,1
tells,1
sabellus,1
nassidius,1
cadmus,1
arethusa,1
cease,1
fount,1
grudge,1
sciancato,1
gavillë,1
xxvi,1
deidamìa,1
swathed,1
burns,1
deemed,1
pyre,1
etèocles,1
ulysses,1
diomed,1
bewail,1
ambush,1
roman,1
mourns,1
rejoice,1
palladium,1
prayers,1
inclined,1
deserves,1
accede,1
restrain,1
idea,1
greeks,1
inform,1
murmuring,1
projecting,1
displays,1
gulley,1
trace,1
accrues,1
risest,1
dreamed,1
dawn,1
prato,1
craving,1
grieve,1
bournes,1
boulders,1
sorrowed,1
curb,1
glow,1
countryman,1
hillside,1
lights,1
gnat,1
grapes,1
ploughs,1
gleaming,1
elijah,1
chariot,1
commit,1
triumph,1
cherubs,1
conversing,1
infallible,1
punishing,1
recordeth,1
sadder,1
aegina,1
coals,1
restored,1
languish,1
crawled,1
fours,1
warm,1
lengthy,1
curry,1
comb,1
itching,1
scraping,1
knife,1
bream,1
fish,1
kinds,1
larger,1
fingers,1
clearer,1
rotting,1
menials,1
formerly,1
drunk,1
mutilated,1
twenty,1
granted,1
meantime,1
adding,1
steadily,1
dearly,1
geri,1
bello,1
possessed,1
diseases,1
hautefort,1
shared,1
conversed,1
cloister,1
situated,1
barbed,1
hospitals,1
chiana,1
july,1
september,1
flay,1
pincers,1
beholdest,1
beach,1
nets,1
lioness,1
learchus,1
whirled,1
dashed,1
hecuba,1
forlorn,1
captive,1
polỳxena,1
polydorus,1
barked,1
inquire,1
goading,1
tusks,1
dragging,1
aretine,1
schicchi,1
enraged,1
treating,1
skips,1
myrrha,1
mistress,1
athamas,1
semele,1
juno,1
squandered,1
rebound,1
whatsoe,1
survive,1
arezzo,1
albero,1
curious,1
daedalus,1
treated,1
practised,1
vainglorious,1
leprous,1
stricca,1
moderation,1
niccolò,1
costly,1
cloves,1
gardens,1
càccia,1
asciàn,1
vineyard,1
abbagliato,1
xxix,1
retaliation,1
foundation,1
pluck,1
faithless,1
apulian,1
tagliacozzo,1
alardo,1
unarmed,1
display,1
cask,1
stave,1
breaketh,1
entrails,1
sack,1
dolcino,1
swallowed,1
forelock,1
disseminators,1
schism,1
anew,1
musest,1
adjudged,1
accusation,1
complete,1
surprise,1
ceperano,1
guiscard,1
robert,1
waging,1
absolved,1
contradiction,1
permitting,1
laying,1
logician,1
eight,1
thievish,1
robed,1
sorrowing,1
completed,1
discourse,1
lashing,1
severing,1
xxviii,1
sowers,1
unfettered,1
assemble,1
apulia,1
ravaged,1
spoil,1
writes,1
forgot,1
novarese,1
goadings,1
emboldens,1
detriment,1
curio,1
maimed,1
befouled,1
added,1
tribe,1
reassures,1
breastplate,1
conscious,1
purity,1
really,1
obtained,1
lantern,1
lamp,1
ordains,1
baneful,1
breathing,1
bertran,1
mutual,1
rebels,1
ahithophel,1
absalom,1
brooked,1
exiled,1
laid,1
focara,1
resemblance,1
pier,1
medicina,1
vercelli,1
marcabò,1
fano,1
messer,1
angiolello,1
sacks,1
cattòlica,1
disloyal,1
tyrant,1
isles,1
majolica,1
cyprus,1
neptune,1
crime,1
committed,1
pirates,1
argolic,1
conference,1
augur,1
hiding,1
statements,1
avarice,1
tonsured,1
ecclesiastics,1
squint,1
difference,1
unmateth,1
churchmen,1
covering,1
popes,1
cardinals,1
works,1
cheat,1
mastery,1
polluted,1
shapest,1
undiscerning,1
recognition,1
shocks,1
sepulchre,1
fisted,1
fray,1
butting,1
vile,1
throw,1
howls,1
weal,1
perfection,1
expects,1
repeat,1
enemy,1
misers,1
prodigals,1
alèppë,1
clucking,1
encourage,1
consume,1
causeless,1
rebellion,1
entangled,1
monster,1
bags,1
heapeth,1
charybdis,1
runs,1
qualify,1
riches,1
doves,1
gladdened,1
malignant,1
intensely,1
slimy,1
chests,1
piecemeal,1
sigh,1
bubble,1
reveals,1
slime,1
fumes,1
contends,1
surliness,1
hymn,1
gurgle,1
viii,1
indignation,1
sayeth,1
replies,1
expected,1
slender,1
accompanying,1
darker,1
bubbling,1
enjoys,1
ignorance,1
hurteth,1
transcends,1
distributing,1
worldly,1
splendours,1
general,1
minister,1
past,1
declines,1
resist,1
decides,1
permutations,1
truce,1
compels,1
occurs,1
cursed,1
amiss,1
repute,1
feels,1
holdeth,1
grow,1
couple,1
possesses,1
pastime,1
launcelot,1
erpowered,1
misgiving,1
smile,1
lover,1
gallehault,1
kindred,1
confounded,1
sentence,1
burdensome,1
quality,1
hail,1
dirty,1
pouring,1
smells,1
receiving,1
greasy,1
talons,1
yearning,1
desires,1
veiled,1
concede,1
dido,1
noisome,1
tone,1
appeal,1
benign,1
gracious,1
visit,1
friendly,1
universal,1
whatsoever,1
hushed,1
streams,1
absolves,1
loving,1
awaiteth,1
wafted,1
induced,1
agonies,1
francesca,1
flays,1
quarters,1
rainfall,1
invites,1
boorish,1
offence,1
fence,1
forehead,1
grievous,1
howe,1
ashamed,1
farinàta,1
jàcopo,1
rusticùcci,1
arrigo,1
constraineth,1
sweeten,1
blackest,1
prithee,1
wake,1
podestà,1
resounds,1
mixture,1
assailed,1
gluttony,1
howl,1
injurious,1
profaners,1
mouths,1
showing,1
fists,1
threw,1
yearns,1
bite,1
appeased,1
devour,1
thundering,1
stuns,1
deaf,1
unreal,1
real,1
upright,1
unmade,1
repulsive,1
erflows,1
peaceful,1
guidance,1
practiced,1
resents,1
souled,1
farinata,1
frank,1
disdainfully,1
desirous,1
bitterly,1
occasions,1
knees,1
highmindedness,1
replying,1
badly,1
rhone,1
ruleth,1
lighted,1
fifty,1
slaughter,1
arbia,1
occasion,1
petitions,1
tossed,1
assent,1
doest,1
bane,1
respectful,1
makest,1
quarnaro,1
gulf,1
italia,1
sepulchres,1
uneven,1
glowed,1
intensity,1
needeth,1
sect,1
monuments,1
bastioned,1
leadst,1
converse,1
satisfy,1
guard,1
jehoshaphat,1
burial,1
epicurus,1
claim,1
openly,1
eventually,1
untie,1
extortions,1
highway,1
robbers,1
repentant,1
deprives,1
gambles,1
dissipates,1
wittingly,1
denying,1
blasphemy,1
disprizing,1
sealeth,1
sodom,1
cahors,1
despises,1
consciences,1
storeth,1
kill,1
bond,1
hypocrisy,1
homicides,1
assails,1
beforehand,1
hates,1
mistake,1
problem,1
solved,1
cardinal,1
preserve,1
enjoined,1
unpleasant,1
distribution,1
damned,1
utmost,1
pope,1
anastasius,1
contain,1
photinus,1
leavest,1
packed,1
injustice,1
aggrieves,1
peculiar,1
pola,1
arles,1
stifled,1
repressed,1
sighed,1
homes,1
defensive,1
stir,1
insolence,1
lockless,1
sawest,1
unguided,1
sooner,1
unaccustomed,1
awful,1
offer,1
overlaid,1
lent,1
unfinished,1
phrase,1
intended,1
shell,1
performs,1
conjured,1
rivalry,1
proposed,1
contend,1
abandons,1
speeding,1
stagnant,1
pigs,1
ducking,1
broth,1
filippo,1
argenti,1
unbar,1
host,1
mosques,1
perceivest,1
fortify,1
comfortless,1
private,1
domain,1
extricated,1
dangers,1
forsake,1
nourish,1
erìchtho,1
bare,1
darkest,1
impetuous,1
restraint,1
shatters,1
proudly,1
keenest,1
scum,1
reeking,1
intense,1
scatter,1
squatting,1
huddled,1
messenger,1
wand,1
hindrance,1
kick,1
butt,1
fates,1
sports,1
constrain,1
contention,1
heats,1
aquake,1
girdles,1
uproar,1
glowing,1
uprisen,1
brightest,1
handmaids,1
queen,1
erìnyes,1
megaera,1
alecto,1
tisìphonë,1
tearing,1
medusa,1
theseus,1
raid,1
gorgon,1
rely,1
intelligence,1
teaching,1
mysterious,1
lines,1
pinions,1
forbid,1
coining,1
contained,1
mantuan,1
enduring,1
endure,1
obstructed,1
strayed,1
bestir,1
consoled,1
commend,1
excels,1
obeyed,1
whosoe,1
needst,1
disclose,1
wretchedness,1
check,1
send,1
recommend,1
succour,1
flood,1
seek,1
softly,1
sweetly,1
brighter,1
command,1
empyrean,1
foreordained,1
quest,1
papal,1
robe,1
confirmation,1
enters,1
salvation,1
concedes,1
paul,1
consent,1
unwills,1
begun,1
hastily,1
commenced,1
hearted,1
shameful,1
shying,1
intermediate,1
confiding,1
hasten,1
almost,1
worthless,1
languages,1
accents,1
withal,1
tumult,1
sweeps,1
timelessly,1
overwhelmed,1
miserable,1
commingled,1
choir,1
lodge,1
rebel,1
sided,1
expelled,1
loudly,1
unseeing,1
destiny,1
flag,1
whirling,1
contemptuous,1
starless,1
reverberated,1
piercing,1
comforted,1
baseness,1
court,1
flowers,1
brightened,1
stems,1
wearied,1
coursed,1
hastened,1
intention,1
vestibule,1
neutrals,1
inspired,1
exalted,1
abandon,1
inscribed,1
troubles,1
fearfulness,1
object,1
cheerful,1
sway,1
fostering,1
thoughtful,1
vast,1
mottled,1
daytime,1
leanness,1
unhappy,1
oppressed,1
winning,1
peaceless,1
lowland,1
offered,1
lombardy,1
unfitting,1
mantuans,1
respect,1
julius,1
rule,1
anchises,1
sang,1
ilion,1
consumed,1
sore,1
gaily,1
hoping,1
beauteous,1
elapsed,1
woodland,1
renews,1
treat,1
discovered,1
slumber,1
forsook,1
mantled,1
planet,1
rays,1
lasted,1
piteously,1
dangerous,1
permitted,1
eased,1
lone,1
resumed,1
ascent,1
hindered,1
early,1
climbst,1
delight,1
fountain,1
throne,1
describest,1
whelmed,1
introduction,1
mission,1
daylight,1
releasing,1
sustain,1
unerring,1
relate,1
muses,1
wrotest,1
nobility,1
guidest,1
silvio,1
corruptible,1
immortal,1
opponent,1
considering,1
result,1
elects,1
everywhere,1
broad,1
worthier,1
study,1
ardent,1
protect,1
veins,1
pulses,1
tremble,1
alloweth,1
kills,1
malign,1
sate,1
hungrier,1
hound,1
feltros,1
savior,1
turnus,1
nisus,1
eurỳalus,1
hopelessness,1
contented,1
number,1
refusal,1
displeasing,1
avicenna,1
dioscorides,1
orpheus,1
tully,1
moral,1
seneca,1
euclid,1
geometer,1
ptolemy,1
hippocrates,1
galen,1
electra,1
averrhoès,1
comment,1
theme,1
sixfold,1
dwindles,1
calm,1
lascivious,1
adulterers,1
space,1
collector,1
qualities,1
zeno,1
heraclitus,1
penthesilea,1
latinus,1
lavinia,1
daughter,1
tarquin,1
lucretia,1
julia,1
martia,1
cornelia,1
saladin,1
philosophic,1
socrates,1
plato,1
democritus,1
thinks,1
diogenes,1
anaxagoras,1
thales,1
empedocles,1
goads,1
guise,1
snarls,1
appetite,1
cranes,1
uttering,1
aforesaid,1
cruelly,1
chastises,1
empress,1
laws,1
incurred,1
semiramis,1
suck,1
ninus,1
killed,1
sichaeus,1
lustful,1
cleopatra,1
helen,1
paris,1
tristan,1
ercame,1
starlings,1
sensual,1
examines,1
carnal,1
judges,1
connoisseur,1
belongs,1
grades,1
execution,1
sounds,1
actual,1
begin,1
smiteth,1
bellows,1
lashed,1
beaten,1
hurricane,1
sweep,1
whirls,1
lamentations,1
cursing,1
blaspheme,1
doomed,1
hector,1
enamel,1
spurred,1
unbaptized,1
perish,1
spurs,1
findeth,1
imply,1
darkling,1
quaked,1
sweat,1
flashed,1
ertakes,1
worthies,1
luminous,1
illustrious,1
pagans,1
clap,1
roused,1
waked,1
rested,1
abysmal,1
roll,1
howsoe,1
wend,1
clothing,1
branch,1
detach,1
wasps,1
hornets,1
streaked,1
sucked,1
strand,1
annoy,1
abstained,1
roads,1
ferries,1
lighter,1
woolly,1
murky,1
gnashed,1
species,1
waits,1
ember,1
beckoning,1
whoso,1
autumn,1
discern,1
fright,1
girding,1
thickly,1
asleep,1
gloom,1
dimly,1
honorest,1
advances,1
hereupon,1
sorrowful,1
homer,1
sovreign,1
horace,1
satirist,1
shares,1
title,1
assembly,1
masters,1
soareth,1
greeting,1
smiled,1
defended,1
crowded,1
earlier,1
list,1
israel,1
ning,1
throngs,1
infants,1
merits,1
baptism,1
creed,1
christianity,1
defects,1
suspended,1
conquers,1
deserts,1
crowned,1
parent,1
abel,1
noah,1
moses,1
giver,1
abram,1
patriarch,1
workers,1
panders,1
defraud,1
waterfall,1
straights,1
sustained,1
gradual,1
mooring,1
phaëthon,1
reins,1
icarus,1
unfeathering,1
melting,1
roar,1
xviii,1
fearful,1
clung,1
divers,1
wheeling,1
wing,1
falconer,1
descendeth,1
alights,1
sullenness,1
succoured,1
renders,1
threats,1
shudders,1
gadflies,1
design,1
semblance,1
exhibiting,1
goose,1
butter,1
emblazoned,1
livest,1
townsman,1
vitaliano,1
florentines,1
paduan,1
stun,1
sovereign,1
knight,1
pocket,1
beaks,1
licks,1
quartan,1
hewn,1
pandars,1
grandson,1
transparent,1
whipping,1
assented,1
castest,1
features,1
venèdico,1
caccianimico,1
pungent,1
sauces,1
unwillingly,1
recollect,1
seducers,1
ghisolabella,1
marquis,1
today,1
savena,1
reno,1
sipa,1
avaricious,1
lash,1
pandar,1
scourges,1
jubilee,1
quicker,1
facing,1
flatterers,1
prostitutes,1
encircles,1
yawneth,1
construction,1
subdivide,1
moats,1
encircle,1
castles,1
protection,1
section,1
presents,1
furnished,1
bridges,1
thresholds,1
outmost,1
crags,1
ourselves,1
scourgers,1
heated,1
bursting,1
melancholy,1
monte,1
borsierë,1
gains,1
uplifted,1
satisfying,1
cost,1
nimble,1
amen,1
advisable,1
eastward,1
veso,1
paces,1
apennines,1
acquacheta,1
lowly,1
forlì,1
booms,1
benedetto,1
refuge,1
roaring,1
capture,1
guglielmo,1
abide,1
promised,1
veracious,1
guerra,1
accomplished,1
treads,1
aldobrandi,1
welcomed,1
iàcopo,1
rusticucci,1
shrewish,1
hurts,1
protected,1
lept,1
victorious,1
impressed,1
disappear,1
doings,1
related,1
mentioned,1
regard,1
gall,1
brightly,1
loosened,1
commanded,1
woof,1
turks,1
tartars,1
manufacture,1
arachnne,1
webs,1
designed,1
flat,1
boats,1
sometimes,1
germans,1
beaver,1
seats,1
wage,1
worst,1
quivering,1
envenomed,1
scorpion,1
weapon,1
reclining,1
warp,1
snares,1
profound,1
pits,1
caution,1
faultless,1
suppress,1
chilled,1
brave,1
anchor,1
clinging,1
reef,1
draweth,1
xvii,1
usurers,1
armor,1
sickens,1
signalled,1
marble,1
traversed,1
landed,1
outwardly,1
complexion,1
sell,1
rejoined,1
projected,1
guiltier,1
wondrously,1
behooved,1
foresight,1
palsy,1
gather,1
range,1
fissure,1
liveth,1
piety,1
lets,1
france,1
decrees,1
rushing,1
amphiaràus,1
quittest,1
plunging,1
tiresias,1
female,1
entwining,1
plumage,1
litanies,1
silently,1
agony,1
twentieth,1
demanded,1
matthias,1
gotten,1
valiant,1
charles,1
trampling,1
afflicts,1
evangelist,1
fornicate,1
spouse,1
idolaters,1
conversion,1
dower,1
wealthy,1
kicking,1
utterance,1
bore,1
soothsayers,1
furnish,1
regained,1
aruns,1
luni,1
spacious,1
pastures,1
mincio,1
govèrnolo,1
spreads,1
virgin,1
untilled,1
inhabitants,1
fellowship,1
slaves,1
hers,1
built,1
picked,1
site,1
mantua,1
foolishness,1
casalodi,1
pinamonte,1
guile,1
permit,1
verdant,1
brescians,1
quarries,1
bergamasks,1
carrarese,1
marbles,1
covers,1
manto,1
searched,1
bacchus,1
enslaved,1
wandered,1
tyrol,1
germany,1
trow,1
garda,1
camònica,1
pennine,1
trento,1
brescia,1
veronese,1
blessing,1
peschiera,1
treasure,1
maccabees,1
ascended,1
prostitute,1
greedier,1
alèssio,1
interminèi,1
pate,1
surfeited,1
glance,1
wench,1
crouches,1
thaïs,1
paramour,1
renewed,1
marvelously,1
simoniacs,1
simon,1
magus,1
brides,1
righteousness,1
rapaciously,1
adulterate,1
station,1
scolding,1
layman,1
clerk,1
privies,1
hollows,1
driving,1
doughtiness,1
colchians,1
isle,1
lemmos,1
tokens,1
flattering,1
hypsìpylë,1
previously,1
condemns,1
medea,1
abutments,1
whined,1
groaned,1
puffed,1
mould,1
vapor,1
offensive,1
spanning,1
directly,1
awards,1
calls,1
writing,1
lied,1
sated,1
seize,1
outrage,1
understanding,1
mocked,1
bidden,1
concern,1
mantle,1
pocketed,1
working,1
preceded,1
flattened,1
fissures,1
arrives,1
westward,1
lawless,1
uglier,1
boniface,1
assassin,1
sloping,1
stake,1
john,1
baptizing,1
priests,1
choking,1
undeceiving,1
calf,1
joints,1
twitched,1
snapped,1
cords,1
oily,1
toes,1
twitching,1
redder,1
sucking,1
unsaid,1
shank,1
holdest,1
portion,1
gualdrada,1
tread,1
grafters,1
feathered,1
gnarled,1
thickets,1
tilled,1
estates,1
cécina,1
herein,1
strophades,1
prophecies,1
clawed,1
belief,1
annoyed,1
thorny,1
proven,1
sturdy,1
compassion,1
stocks,1
escaping,1
dumbfounded,1
incredibility,1
refresh,1
straight,1
smooth,1
marked,1
squanderers,1
azzolino,1
blond,1
obizzo,1
este,1
thames,1
shallow,1
sinks,1
increasingly,1
behooveth,1
groan,1
pyrrhus,1
sextus,1
milks,1
unlocks,1
pazzo,1
highroads,1
waged,1
xiii,1
suicides,1
entice,1
tempted,1
bend,1
jousts,1
hunting,1
post,1
hears,1
crashing,1
scratched,1
rapidly,1
branches,1
lano,1
toppo,1
failing,1
locking,1
ravenous,1
greyhounds,1
chains,1
unleashed,1
pieces,1
bleeding,1
rents,1
giàcomo,1
sant,1
hounds,1
startled,1
believing,1
drag,1
unlocking,1
secrets,1
withheld,1
courtesan,1
harlot,1
courts,1
unjust,1
roots,1
owed,1
crushed,1
satisfactory,1
imprisoned,1
knotted,1
spelt,1
germinates,1
sapling,1
spoils,1
reclothed,1
casts,1
dionysius,1
sicily,1
wrongs,1
scorneth,1
understandeth,1
physics,1
pages,1
disciple,1
teaches,1
grandchild,1
genesis,1
livelihood,1
usurer,1
fishes,1
heartless,1
horizon,1
caurus,1
wain,1
murderers,1
repelled,1
downfall,1
trent,1
sidewise,1
àdige,1
philosophy,1
tangled,1
usury,1
contentest,1
forgotten,1
special,1
argument,1
proceeds,1
lucidly,1
classifies,1
keen,1
wander,1
recollection,1
ethics,1
extensively,1
dispositions,1
rejects,1
bestiality,1
opinion,1
undergo,1
wrathfully,1
hammering,1
healest,1
failure,1
seeming,1
heifer,1
hunt,1
bows,1
draw,1
rash,1
dejanira,1
pholus,1
thousands,1
shooting,1
emerges,1
notch,1
jaws,1
leading,1
commission,1
highwayman,1
robber,1
bestow,1
fords,1
travel,1
skirted,1
plundering,1
detached,1
centaurs,1
conceived,1
embraces,1
overcomes,1
athens,1
duke,1
leash,1
mortal,1
walk,1
plunges,1
minotaur,1
rages,1
landslide,1
guarded,1
trembled,1
chaos,1
reduced,1
overthrown,1
harms,1
cupidity,1
goad,1
curving,1
andrea,1
boots,1
gashes,1
smacks,1
serene,1
noon,1
thereon,1
yestermorn,1
home,1
port,1
judged,1
prematurely,1
ungrateful,1
acid,1
witsand,1
sorbs,1
proclaims,1
cleanse,1
store,1
hungry,1
goat,1
litter,1
selves,1
dungheap,1
showeth,1
walks,1
level,1
bewailing,1
tide,1
paduans,1
brenta,1
villages,1
strongholds,1
chiarentana,1
knitting,1
tailor,1
needle,1
garment,1
wonderful,1
fastened,1
roasted,1
blistered,1
recognizing,1
latini,1
prone,1
skirts,1
join,1
burgeon,1
sacred,1
fulfilled,1
tesoro,1
verona,1
loses,1
booming,1
buzzing,1
hives,1
separated,1
garb,1
citizen,1
corrupted,1
recent,1
shoots,1
champions,1
oiled,1
advantageous,1
grip,1
continuous,1
shrivelled,1
requests,1
reputation,1
recommended,1
nerves,1
banished,1
strained,1
paternal,1
gratitude,1
texts,1
explain,1
chide,1
lists,1
clown,1
mattock,1
cheek,1
merit,1
clerics,1
letters,1
soiled,1
priscian,1
accorso,1
longing,1
scurf,1
couldst,1
bacchigliònë,1
bruges,1
flemings,1
blowing,1
steel,1
dilated,1
windless,1
india,1
torrid,1
regions,1
hosts,1
ordering,1
tinder,1
kindled,1
double,1
bulwarks,1
resting,1
slapping,1
latest,1
flake,1
conquerest,1
scornful,1
ripen,1
observed,1
concerning,1
waste,1
freer,1
continually,1
cuddled,1
unbecoming,1
collect,1
patron,1
lingers,1
glimpse,1
rebuilt,1
gibbet,1
house,1
blasphemers,1
constrained,1
barren,1
removeth,1
garland,1
arid,1
trodden,1
cato,1
oughtest,1
readeth,1
imposed,1
questioning,1
smith,1
thunderbolt,1
whilom,1
cradle,1
rhea,1
selected,1
damiata,1
finest,1
purest,1
clay,1
straighter,1
golden,1
cleft,1
trickle,1
perforate,1
duct,1
pool,1
amazement,1
repented,1
afford,1
overhead,1
saves,1
trusty,1
outworn,1
mongibello,1
pure,1
smithy,1
vulcan,1
phlegra,1
shoot,1
arrogance,1
capaneus,1
extinguished,1
chastised,1
gentler,1
besieged,1
prize,1
spitefulness,1
adornment,1
thicket,1
spirts,1
bulicàmë,1
share,1
notable,1
deadens,1
cambridge,1
